Date,RollingVolatility_250d
1981-03-27,0.019647802432201787
1981-04-03,0.017476686403670918
1981-04-10,0.02742328640968621
1981-04-20,0.025497776014003992
1981-04-27,0.03380930405316229
1981-05-04,0.032683433237334074
1981-05-11,0.03507094514494676
1981-05-18,0.032866754433661834
1981-05-26,0.03087795047883588
1981-06-02,0.04050220246601207
1981-06-09,0.03506446895010018
1981-06-16,0.05487755080680197
1981-06-23,0.04233946017704365
1981-06-30,0.03596477929010564
1981-07-08,0.030943838901763002
1981-07-15,0.029728688457336484
1981-07-22,0.02281552888584124
1981-07-29,0.021151013822320836
1981-08-05,0.02272794366561774
1981-08-12,0.03683776491375963
1981-08-19,0.031910732219461495
1981-08-26,0.028710726658916563
1981-09-02,0.029845276258640408
1981-09-10,0.029574174551142213
1981-09-17,0.026269096507955815
1981-09-24,0.02357347993398268
1981-10-01,0.0520665568217612
1981-10-08,0.0555325069789338
1981-10-15,0.04874546706005238
1981-10-22,0.04686080548776578
1981-10-29,0.036898414538682305
1981-11-05,0.03371530285665283
1981-11-12,0.027719195264071458
1981-11-19,0.0214029437665182
1981-11-27,0.020115364936112805
1981-12-04,0.018759650657991015
1981-12-11,0.026897297801612343
1981-12-18,0.023438649538610926
1981-12-28,0.022331293943379585
1982-01-05,0.04760055684364463
1982-01-12,0.03845728363784274
1982-01-19,0.028915158161258853
1982-01-26,0.02790965829661709
1982-02-02,0.03443766416176258
1982-02-09,0.030443215704041668
1982-02-17,0.02934086316379688
1982-02-24,0.028281452037136227
1982-03-03,0.028418018055274014
1982-03-10,0.030273244423947188
1982-03-17,0.032109630954500826
1982-03-24,0.02758853662402026
1982-03-31,0.028370761155098814
1982-04-07,0.027707669461210224
1982-04-15,0.025721084223990328
1982-04-22,0.02788784469739597
1982-04-29,0.03555319672416307
1982-05-06,0.02795141143481434
1982-05-13,0.02839729622561289
1982-05-20,0.02456321513135789
1982-05-27,0.022472076737490656
1982-06-04,0.023600654724603407
1982-06-11,0.022528684242571928
1982-06-18,0.021855053289345124
1982-06-25,0.0435812178083711
1982-07-02,0.03600090151090108
1982-07-12,0.026472996645902462
1982-07-19,0.02324609846049458
1982-07-26,0.0225838240489191
1982-08-02,0.022596573405551764
1982-08-09,0.019237892674356025
1982-08-16,0.02117268408654456
1982-08-23,0.027625515348271967
1982-08-30,0.024649129075511932
1982-09-07,0.027302480156859713
1982-09-14,0.024800041304350894
1982-09-21,0.01955696160852716
1982-09-28,0.024499709555173495
1982-10-05,0.023591605681402564
1982-10-12,0.02731751813759653
1982-10-19,0.029933993998906484
1982-10-26,0.02806046469228894
1982-11-02,0.022959642626074164
1982-11-09,0.022729406964333537
1982-11-16,0.026656518155396818
1982-11-23,0.02567151305652602
1982-12-01,0.02286330239688096
1982-12-08,0.027426153847095906
1982-12-15,0.024631019299045775
1982-12-22,0.021663801057633394
1982-12-30,0.02815219638165158
1983-01-06,0.023364070541964887
1983-01-13,0.023665545177724918
1983-01-20,0.02595325087874328
1983-01-27,0.02519880619307724
1983-02-03,0.023571108147625135
1983-02-10,0.02136708425315076
1983-02-17,0.022950648136916545
1983-02-25,0.022015511912367575
1983-03-04,0.021651146380127252
1983-03-11,0.02097490083643739
1983-03-18,0.02245383494926819
1983-03-25,0.021799631486918193
1983-04-04,0.020488445055586797
1983-04-11,0.02158233622945628
1983-04-18,0.021365669037614558
1983-04-25,0.0209341735469568
1983-05-02,0.023520844008607666
1983-05-09,0.020013220553825622
1983-05-16,0.01998185539577272
1983-05-23,0.0192650259970338
1983-05-31,0.0159290700456017
1983-06-07,0.01691988357189944
1983-06-14,0.022365276082639638
1983-06-21,0.021107928536540022
1983-06-28,0.019959143119742142
1983-07-06,0.022175666404638843
1983-07-13,0.02030775799637803
1983-07-20,0.01963743806831775
1983-07-27,0.023108456094237836
1983-08-03,0.020207069218637314
1983-08-10,0.020323846510415744
1983-08-17,0.0200236837087732
1983-08-24,0.018722139018422308
1983-08-31,0.02016619183571354
1983-09-08,0.021111556602183376
1983-09-15,0.018439997285298815
1983-09-22,0.017999731536586207
1983-09-29,0.02036098078157332
1983-10-06,0.018312775078345372
1983-10-13,0.01841510415293071
1983-10-20,0.018911898184234936
1983-10-27,0.01844131529002484
1983-11-03,0.01879336031413967
1983-11-10,0.01832375759024377
1983-11-17,0.018214661301406712
1983-11-25,0.01772575235361268
1983-12-02,0.0172285575084128
1983-12-09,0.018734698527493477
1983-12-16,0.01733763575370704
1983-12-23,0.017558865256023487
1984-01-03,0.017406537188612303
1984-01-10,0.01723565757587141
1984-01-17,0.016813335900111373
1984-01-24,0.015798220070031857
1984-01-31,0.016554838470775348
1984-02-07,0.01645703855340986
1984-02-14,0.016943634208570958
1984-02-22,0.018362867441895123
1984-02-29,0.019413982423963118
1984-03-07,0.0188226289127103
1984-03-14,0.017590022091937576
1984-03-21,0.02124808309019462
1984-03-28,0.019587731993325863
1984-04-04,0.018556651610225815
1984-04-11,0.017935944682447816
1984-04-18,0.01671235661646638
1984-04-26,0.017004070021943034
1984-05-03,0.016680720167977912
1984-05-10,0.01681077157030591
1984-05-17,0.02116840010017441
1984-05-24,0.017603035795276237
1984-06-01,0.018373141570797405
1984-06-08,0.0166546778083521
1984-06-15,0.01727822738366808
1984-06-22,0.01647109993450847
1984-06-29,0.01591530581526235
1984-07-09,0.01570156083565936
1984-07-16,0.01636525766105628
1984-07-23,0.015411346301710151
1984-07-30,0.02040620527477691
1984-08-06,0.02920178900036885
1984-08-13,0.01698473671653244
1984-08-20,0.016180106097119812
1984-08-27,0.02373683526700892
1984-09-04,0.01616010607943252
1984-09-11,0.019166159884449984
1984-09-18,0.019337699619709898
1984-09-25,0.015590516735478687
1984-10-02,0.015559220970560965
1984-10-09,0.01537624733906535
1984-10-16,0.015176422885073803
1984-10-23,0.015161375143931495
1984-10-30,0.015719286400589356
1984-11-06,0.01336139491169114
1984-11-13,0.013495646487842121
1984-11-20,0.013003967902588592
1984-11-28,0.014601468959831823
1984-12-05,0.01587982692138349
1984-12-12,0.01302619672767335
1984-12-19,0.01465082565292291
1984-12-27,0.011119566673922651
1985-01-04,0.014137296813586126
1985-01-11,0.0156849450935681
1985-01-18,0.01524785538194123
1985-01-25,0.017347643130125094
1985-02-01,0.01576055888604133
1985-02-08,0.01529866486512279
1985-02-15,0.015392281739807051
1985-02-25,0.013313764901424077
1985-03-04,0.012940895098956608
1985-03-11,0.013379434486857194
1985-03-18,0.011515167186867297
1985-03-25,0.015282112832741392
1985-04-01,0.01301620420271205
1985-04-09,0.013285842516129303
1985-04-16,0.012934891818027441
1985-04-23,0.014788025876505951
1985-04-30,0.015768971297597946
1985-05-07,0.013410675256939343
1985-05-14,0.011870453312504416
1985-05-21,0.013444446777005362
1985-05-29,0.012223996212526496
1985-06-05,0.01347203785407674
1985-06-12,0.013875297460660276
1985-06-19,0.013822412749297307
1985-06-26,0.014373285856760802
1985-07-03,0.014301929892689975
1985-07-11,0.014216713489203257
1985-07-18,0.01413782906945493
1985-07-25,0.013356340710992053
1985-08-01,0.013494210481078961
1985-08-08,0.013555340301792425
1985-08-15,0.013350930398460938
1985-08-22,0.012978613771083492
1985-08-29,0.012827752363838492
1985-09-06,0.012561798817224808
1985-09-13,0.013846016175501193
1985-09-20,0.012264091506145056
1985-09-30,0.012882943892630797
1985-10-07,0.014383504099487146
1985-10-14,0.013891840322425663
1985-10-21,0.01340709107334914
1985-10-28,0.01349807757324296
1985-11-04,0.015840746790198118
1985-11-11,0.014013596765500506
1985-11-18,0.014641036124844891
1985-11-25,0.013846295529876694
1985-12-03,0.013703452891780724
1985-12-10,0.01383912552608659
1985-12-17,0.01422462335309071
1985-12-24,0.013755311638472436
1986-01-02,0.01364880686904784
1986-01-09,0.01375705652137441
1986-01-16,0.01367797846511512
1986-01-23,0.014417254687532202
1986-01-30,0.0133545520286579
1986-02-06,0.015105548983689876
1986-02-13,0.013189374714370537
1986-02-21,0.013965709365283751
1986-02-28,0.013905283539423115
1986-03-07,0.013916986391214872
1986-03-14,0.01372356099409256
1986-03-21,0.015478324911543172
1986-03-31,0.024911613504865975
1986-04-07,0.027793634186377227
1986-04-14,0.024781357440479396
1986-04-21,0.022243982342044832
1986-04-28,0.03256815771498053
1986-05-05,0.026855052953359305
1986-05-12,0.02071219563813962
1986-05-19,0.0196277264068748
1986-05-27,0.01588732790868807
1986-06-03,0.017022004509955294
1986-06-10,0.01315012870015598
1986-06-17,0.02748190875295442
1986-06-24,0.023827502027873773
1986-07-01,0.021214212331864685
1986-07-09,0.020546725930811888
1986-07-16,0.02054124868502704
1986-07-23,0.019177238193353312
1986-07-30,0.01815506362149377
1986-08-06,0.01799664631021121
1986-08-13,0.0234973741783967
1986-08-20,0.021761213624563847
1986-08-27,0.032734689632047835
1986-09-04,0.03790106438638386
1986-09-11,0.037027848557377945
1986-09-18,0.04497704649068807
1986-09-25,0.040306241268884005
1986-10-02,0.04124088784581011
1986-10-09,0.04254313976605814
1986-10-16,0.03540153524959773
1986-10-23,0.034961599197244064
1986-10-30,0.03617175624496645
1986-11-06,0.02709869929987111
1986-11-13,0.022365027840587696
1986-11-20,0.02151330551933872
1986-11-28,0.02132721951166234
1986-12-05,0.028207569011631184
1986-12-12,0.023330835813582064
1986-12-19,0.0214736126259769
1986-12-29,0.027339893285578804
1987-01-06,0.027192183942958928
1987-01-13,0.025310773488204583
1987-01-20,0.02347576957758041
1987-01-27,0.024417143578147754
1987-02-03,0.024911029365045592
1987-02-10,0.023705172465132037
1987-02-18,0.02369130239832744
1987-02-25,0.024385251697295038
1987-03-04,0.023698330899723313
1987-03-11,0.023913806321905203
1987-03-18,0.0252403568199188
1987-03-25,0.023022180530264613
1987-04-01,0.023500914582321706
1987-04-08,0.02138533123937799
1987-04-15,0.03510944225744444
1987-04-23,0.03048443230888138
1987-04-30,0.029224857754900656
1987-05-07,0.026632930851102743
1987-05-14,0.02526325438630127
1987-05-21,0.02620028485101293
1987-05-29,0.026958196490422998
1987-06-05,0.022920561537258927
1987-06-12,0.02325794949037971
1987-06-19,0.022563074184646075
1987-06-26,0.0229951105569584
1987-07-06,0.027416385795532103
1987-07-13,0.027579224607884617
1987-07-20,0.02544959204499241
1987-07-27,0.024850346777066764
1987-08-03,0.02955202019504935
1987-08-10,0.02907274125640002
1987-08-17,0.028545575548492887
1987-08-24,0.029497073040732832
1987-08-31,0.025665689600850042
1987-09-08,0.02521174008731591
1987-09-15,0.022895515188453664
1987-09-22,0.022476690371023206
1987-09-29,0.028322576945861763
1987-10-06,0.022112498651915315
1987-10-13,0.022981200113700594
1987-10-20,0.028266998624578005
1987-10-27,0.04557590318940732
1987-11-03,0.03336541763129933
1987-11-10,0.026745489931849064
1987-11-17,0.026285662145634534
1987-11-24,0.025888496800604892
1987-12-02,0.033243205606349864
1987-12-09,0.025728497641080265
1987-12-16,0.025460187082695943
1987-12-23,0.022935194222801776
1987-12-31,0.024323847050361464
1988-01-08,0.02672428756401438
1988-01-15,0.022538165723482797
1988-01-22,0.027362146778474573
1988-01-29,0.02449074101949247
1988-02-05,0.021919263718023003
1988-02-12,0.0218957670123792
1988-02-22,0.033057636734439726
1988-02-29,0.026034183282337635
1988-03-07,0.02281136699467539
1988-03-14,0.023281686456656334
1988-03-21,0.02169940080688268
1988-03-28,0.024723180469749098
1988-04-05,0.02441505795168068
1988-04-12,0.02358212215931297
1988-04-19,0.027896702400228287
1988-04-26,0.01986943487149444
1988-05-03,0.019080906393333884
1988-05-10,0.029229172045090887
1988-05-17,0.018788976617529828
1988-05-24,0.020569513161918886
1988-06-01,0.021868952216896893
1988-06-08,0.01817595373379824
1988-06-15,0.01710091629981814
1988-06-22,0.017485601362063837
1988-06-29,0.0194801989148503
1988-07-07,0.021415877599188574
1988-07-14,0.025500166555793853
1988-07-21,0.05567667839573832
1988-07-28,0.023832608982866224
1988-08-04,0.01955171811884247
1988-08-11,0.02445010136598211
1988-08-18,0.01879430022503156
1988-08-25,0.01819148653617989
1988-09-01,0.024867906091570045
1988-09-09,0.01877324165947513
1988-09-16,0.016317862246493963
1988-09-23,0.01697634442543289
1988-09-30,0.01385705638014987
1988-10-07,0.014469060442835732
1988-10-14,0.02031596710374813
1988-10-21,0.015673911532484618
1988-10-28,0.016722908457525866
1988-11-04,0.0165634442137502
1988-11-11,0.017401270077101287
1988-11-18,0.021134223468390976
1988-11-28,0.01715478910630102
1988-12-05,0.017050679846287522
1988-12-12,0.015511658878678902
1988-12-19,0.015591412159059837
1988-12-27,0.01867855048658452
1989-01-04,0.018016577767766464
1989-01-11,0.015581144394923266
1989-01-18,0.014172892780342713
1989-01-25,0.015633128774519122
1989-02-01,0.014756101711210634
1989-02-08,0.014637497408736733
1989-02-15,0.014348939625424582
1989-02-23,0.014577383540120685
1989-03-02,0.014553206331326457
1989-03-09,0.01533291885527479
1989-03-16,0.015228976005621972
1989-03-23,0.015871987251490485
1989-03-31,0.01476946306513113
1989-04-07,0.01453187432542929
1989-04-14,0.014256253482542565
1989-04-21,0.01415953337114049
1989-04-28,0.014442772621059006
1989-05-05,0.013730144013963932
1989-05-12,0.014242853211163973
1989-05-19,0.014794389822087766
1989-05-26,0.013655648740284677
1989-06-05,0.015389167199235353
1989-06-12,0.016300537629965715
1989-06-19,0.015396558132087105
1989-06-26,0.016013324830934966
1989-07-03,0.018156989861287148
1989-07-11,0.01666537026437813
1989-07-18,0.01624522819013197
1989-07-25,0.01412882214173895
1989-08-01,0.016204883097131768
1989-08-08,0.013972196027777703
1989-08-15,0.013898824323463128
1989-08-22,0.014751564705143556
1989-08-29,0.015815317255752172
1989-09-06,0.014220681705204049
1989-09-13,0.014777671300796477
1989-09-20,0.013506863103645067
1989-09-27,0.015873146078965873
1989-10-04,0.01610744155936465
1989-10-11,0.014997475286244316
1989-10-18,0.022923228333521645
1989-10-25,0.014827484642730466
1989-11-01,0.013554124681091666
1989-11-08,0.014433586555454925
1989-11-15,0.012981757008378988
1989-11-22,0.013765112053268065
1989-11-30,0.012139849825384661
1989-12-07,0.011563366459082335
1989-12-14,0.00963481244062796
1989-12-21,0.011321994167001583
1989-12-29,0.013553291947494595
1990-01-08,0.013252699172244075
1990-01-15,0.012053131903915066
1990-01-22,0.012507988073457741
1990-01-29,0.014204508868744007
1990-02-05,0.013226898544058806
1990-02-12,0.011591733635437843
1990-02-20,0.011813910123138422
1990-02-27,0.02098878457679645
1990-03-06,0.012470184589623354
1990-03-13,0.019782812433029578
1990-03-20,0.03155680074447041
1990-03-27,0.037846832787565426
1990-04-03,0.022946433438907614
1990-04-10,0.03987438024216631
1990-04-18,0.028308255149971387
1990-04-25,0.016838362736723896
1990-05-02,0.013530077533211416
1990-05-09,0.012982749348946764
1990-05-16,0.02024645628816974
1990-05-23,0.01511326262246848
1990-05-31,0.013816875761581885
1990-06-07,0.017419416626027893
1990-06-14,0.01763528899749802
1990-06-21,0.01919374919040417
1990-06-28,0.056318074318360105
1990-07-06,0.024984278544099223
1990-07-13,0.015583158636518858
1990-07-20,0.01400901091705189
1990-07-27,0.015581825057004525
1990-08-03,0.037124713602004436
1990-08-10,0.026238640871396338
1990-08-17,0.03105895694107147
1990-08-24,0.02257041424225601
1990-08-31,0.024856710224569353
1990-09-10,0.017960223773909288
1990-09-17,0.016027562909223705
1990-09-24,0.015986453869734824
1990-10-01,0.0141956820553404
1990-10-08,0.03459516312198995
1990-10-15,0.02582528149516772
1990-10-22,0.015335040787832748
1990-10-29,0.017741761791580275
1990-11-05,0.020501745806330938
1990-11-12,0.020313369193181812
1990-11-19,0.020551043938339245
1990-11-27,0.019101467608680537
1990-12-04,0.02974184898277535
1990-12-11,0.023772989930858583
1990-12-18,0.02317361036984045
1990-12-26,0.02046398855317164
1991-01-03,0.01968648322949304
1991-01-10,0.02270975523627341
1991-01-17,0.021020815999941933
1991-01-24,0.02549088980016789
1991-01-31,0.019847666387597086
1991-02-07,0.020160315610934
1991-02-14,0.02072224622715729
1991-02-22,0.020352017714694266
1991-03-01,0.019615244236832315
1991-03-08,0.021584462539386548
1991-03-15,0.019409942872894128
1991-03-22,0.020055286605345085
1991-04-01,0.02169470123427517
1991-04-08,0.021237785909574435
1991-04-15,0.018218945612395527
1991-04-22,0.01886157120091824
1991-04-29,0.019933184555596624
1991-05-06,0.018688695603765605
1991-05-13,0.01918835075368728
1991-05-20,0.017750155584190127
1991-05-28,0.01805022063637685
1991-06-04,0.01725898592226829
1991-06-11,0.019637141641051983
1991-06-18,0.01984951693293652
1991-06-25,0.03915783076998757
1991-07-02,0.024509817131184865
1991-07-10,0.02139892645733874
1991-07-17,0.017297637527956586
1991-07-24,0.017532233045544326
1991-07-31,0.018500331060083332
1991-08-07,0.016040912550763172
1991-08-14,0.017088363800928152
1991-08-21,0.025228260517596843
1991-08-28,0.01919087289410014
1991-09-05,0.019553201797163546
1991-09-12,0.016675339085199796
1991-09-19,0.013582379652623993
1991-09-26,0.015898092058754587
1991-10-03,0.013220496461887445
1991-10-10,0.012039832724152471
1991-10-17,0.01612927931283721
1991-10-24,0.012537048814038478
1991-10-31,0.01239410096468906
1991-11-07,0.021469068652347163
1991-11-14,0.011599610636766362
1991-11-21,0.02045387018188736
1991-11-29,0.013413011250540985
1991-12-06,0.013207457595773298
1991-12-13,0.015185408212580406
1991-12-20,0.013275141350981264
1991-12-30,0.017073113369787382
1992-01-07,0.015229076709757068
1992-01-14,0.022012463920556138
1992-01-21,0.01662607269761928
1992-01-28,0.019331521483368266
1992-02-04,0.014851277209791578
1992-02-11,0.012690400089262109
1992-02-19,0.013728754710597972
1992-02-26,0.010338900570826011
1992-03-04,0.028536921437812043
1992-03-11,0.017424647160484297
1992-03-18,0.017500750427820757
1992-03-25,0.016549561992608895
1992-04-01,0.015037029798946224
1992-04-08,0.01692073950091245
1992-04-15,0.016192520462079148
1992-04-23,0.015623132955730257
1992-04-30,0.01560716133067594
1992-05-07,0.014834512069588643
1992-05-14,0.014522238892011267
1992-05-21,0.014020412669855828
1992-05-29,0.013729281112385566
1992-06-05,0.01399763117833858
1992-06-12,0.012946950513069834
1992-06-19,0.014989718011063214
1992-06-26,0.013551714479976948
1992-07-06,0.01484550131982332
1992-07-13,0.013613961119323226
1992-07-20,0.012388766076236419
1992-07-27,0.014671066108341013
1992-08-03,0.014380725654106967
1992-08-10,0.013745606026335405
1992-08-17,0.013747726707171675
1992-08-24,0.013993287236933417
1992-08-31,0.013780568695297335
1992-09-08,0.01324455451298751
1992-09-15,0.014272950651551826
1992-09-22,0.01358340304288311
1992-09-29,0.01393219251688519
1992-10-06,0.013333311071842087
1992-10-13,0.01348922692843864
1992-10-20,0.014677167667133036
1992-10-27,0.014079007411568888
1992-11-03,0.013401012955046343
1992-11-10,0.01368617681175924
1992-11-17,0.013266214695822667
1992-11-24,0.013408098557727233
1992-12-02,0.012884317169557888
1992-12-09,0.013305271273268068
1992-12-16,0.013139163377911123
1992-12-23,0.013330772162750746
1992-12-31,0.013883177415355117
1993-01-08,0.012921523562659534
1993-01-15,0.013394292189548627
1993-01-22,0.013106696035902638
1993-01-29,0.01327099841103561
1993-02-05,0.013639375931289215
1993-02-12,0.013437969526319832
1993-02-22,0.014791341837103993
1993-03-01,0.013964019716961857
1993-03-08,0.013495621598687394
1993-03-15,0.013679423479104877
1993-03-22,0.014000218288510002
1993-03-29,0.013461953901563836
1993-04-05,0.014180582380006216
1993-04-13,0.01644387587375896
1993-04-20,0.016123925129518154
1993-04-27,0.015696695756353973
1993-05-04,0.015719481694361374
1993-05-11,0.01523871959342839
1993-05-18,0.01585005187778016
1993-05-25,0.015102222341164184
1993-06-02,0.015385897189885669
1993-06-09,0.015594184343368811
1993-06-16,0.016047205470321846
1993-06-23,0.017383696819098137
1993-06-30,0.017593497168293174
1993-07-08,0.017647169424209973
1993-07-15,0.017077869856748085
1993-07-22,0.016427588833677124
1993-07-29,0.016085865542337856
1993-08-05,0.01854146793209342
1993-08-12,0.015359391339634891
1993-08-19,0.015568740136355582
1993-08-26,0.01607420374068165
1993-09-02,0.015744717899948944
1993-09-10,0.015414393626289116
1993-09-17,0.015133582343815068
1993-09-24,0.015025575022980004
1993-10-01,0.015411395034485666
1993-10-08,0.016639068989553616
1993-10-15,0.01529457523471844
1993-10-22,0.014666682255219138
1993-10-29,0.014644322635406423
1993-11-05,0.014561396611789087
1993-11-12,0.014512351917848762
1993-11-19,0.015473349114654564
1993-11-29,0.018018565725203342
1993-12-06,0.015093090053185076
1993-12-13,0.015518530172613454
1993-12-20,0.016701808583380034
1993-12-28,0.02430142710610383
1994-01-04,0.015419048080928971
1994-01-11,0.015214283551341573
1994-01-18,0.015386770185303005
1994-01-25,0.0210680934514011
1994-02-01,0.025927857497023525
1994-02-08,0.01589279616454743
1994-02-15,0.0190209664597153
1994-02-23,0.015996831446226715
1994-03-02,0.01748986118806054
1994-03-09,0.016018787268876095
1994-03-16,0.01581070978175459
1994-03-23,0.016064545449330413
1994-03-30,0.014345539174377878
1994-04-07,0.016769283375639266
1994-04-14,0.01428816227815058
1994-04-21,0.013838283207659412
1994-04-29,0.010600319165252245
1994-05-06,0.011819555357847783
1994-05-13,0.0093840372589844
1994-05-20,0.010985674676130501
1994-05-27,0.013054432205414362
1994-06-06,0.014525210258658047
1994-06-13,0.012844616364700159
1994-06-20,0.011617118064914387
1994-06-27,0.01320458527041235
1994-07-05,0.013590703298424725
1994-07-12,0.010839328030263466
1994-07-19,0.010524103747042176
1994-07-26,0.012199400882069144
1994-08-02,0.010940175425514922
1994-08-09,0.010402095513279143
1994-08-16,0.010109839866382064
1994-08-23,0.00972709789349935
1994-08-30,0.01032358291155576
1994-09-07,0.006441203228627466
1994-09-14,0.006721520549972104
1994-09-21,0.013966178998863245
1994-09-28,0.013832941782144951
1994-10-05,0.010251248427956862
1994-10-12,0.009382756404897318
1994-10-19,0.009321425501373253
1994-10-26,0.011794076083404615
1994-11-02,0.009525198209716089
1994-11-09,0.008773049976961201
1994-11-16,0.008177254271562854
1994-11-23,0.007751590460863976
1994-12-01,0.008571770564419351
1994-12-08,0.0079790588729354
1994-12-15,0.00819440829964653
1994-12-22,0.008397994496406143
1994-12-30,0.009397225553830053
1995-01-09,0.008810126895367872
1995-01-16,0.008873499173967056
1995-01-23,0.011494751185747209
1995-01-30,0.011738598927682382
1995-02-06,0.012775097308043045
1995-02-13,0.009635494434268243
1995-02-21,0.008699853920845381
1995-02-28,0.01364859309129066
1995-03-07,0.014843576255800739
1995-03-14,0.01575450206952274
1995-03-21,0.01365181187230671
1995-03-28,0.008952036777400583
1995-04-04,0.014553122582339217
1995-04-11,0.012809910998120058
1995-04-19,0.009315571226603635
1995-04-26,0.013440534357356877
1995-05-03,0.010918024647279357
1995-05-10,0.01069517259123953
1995-05-17,0.01898459764746513
1995-05-24,0.013717158421228719
1995-06-01,0.019307073482865048
1995-06-08,0.014059862562303814
1995-06-15,0.009517761585142911
1995-06-22,0.011608072903890957
1995-06-29,0.010051313540153093
1995-07-07,0.012065609356406251
1995-07-14,0.011872237550284045
1995-07-21,0.011491554512491139
1995-07-28,0.01222812466243006
1995-08-04,0.010018261520006963
1995-08-11,0.010430307659330375
1995-08-18,0.012101779347127056
1995-08-25,0.009636703476470623
1995-09-01,0.007901053046956976
1995-09-11,0.01022141019566056
1995-09-18,0.010050629455603668
1995-09-25,0.010305170350172258
1995-10-02,0.013960001963322786
1995-10-09,0.012724271277028958
1995-10-16,0.010309926325054581
1995-10-23,0.01127567143970567
1995-10-30,0.012151702795580704
1995-11-06,0.009660217224703
1995-11-13,0.014174602877777965
1995-11-20,0.010996364737669502
1995-11-28,0.010329301065722617
1995-12-05,0.01264549771439545
1995-12-12,0.01128665588119073
1995-12-19,0.011180371399350518
1995-12-27,0.011522478313701649
1996-01-04,0.010804706462819525
1996-01-11,0.0118729913136504
1996-01-18,0.013134785404113124
1996-01-25,0.011186446600496327
1996-02-01,0.010680978604596533
1996-02-08,0.010728928099959142
1996-02-15,0.008996502432918229
1996-02-23,0.011349121385636785
1996-03-01,0.0106607765163005
1996-03-08,0.011169134276784684
1996-03-15,0.008586373494081694
1996-03-22,0.009233216415801757
1996-03-29,0.009097364996117227
1996-04-08,0.00835813913184429
1996-04-15,0.008287933877896921
1996-04-22,0.007853345964203838
1996-04-29,0.008205871393242133
1996-05-06,0.008395756576650683
1996-05-13,0.008552167648624043
1996-05-20,0.008175377388451902
1996-05-28,0.009413883426685955
1996-06-04,0.009402768995568621
1996-06-11,0.009536019546822398
1996-06-18,0.00988510832258418
1996-06-25,0.012391029398062586
1996-07-02,0.012169470848651245
1996-07-10,0.010624663692731882
1996-07-17,0.01076611038392739
1996-07-24,0.01358646788256931
1996-07-31,0.013640897287656592
1996-08-07,0.01356980576476783
1996-08-14,0.012788657742844064
1996-08-21,0.011432884962904132
1996-08-28,0.010620934944515109
1996-09-05,0.0104615541618852
1996-09-12,0.009674984604565269
1996-09-19,0.009534478890089787
1996-09-26,0.008457120118928706
1996-10-03,0.008525212434438708
1996-10-10,0.011139873907881953
1996-10-17,0.00987226713369501
1996-10-24,0.010792630447726376
1996-10-31,0.010303220295239288
1996-11-07,0.01023323690974623
1996-11-14,0.010434750659816637
1996-11-21,0.010719236561950148
1996-11-29,0.010440263620144363
1996-12-06,0.021467179954685955
1996-12-13,0.017904739117487797
1996-12-20,0.009363311429873417
1996-12-30,0.01654694254871461
1997-01-07,0.01083110285820866
1997-01-14,0.015741741003959833
1997-01-21,0.015926851628951903
1997-01-28,0.014281848528972416
1997-02-04,0.014026291693355621
1997-02-11,0.015936339252946085
1997-02-19,0.0152767270706525
1997-02-26,0.01626348072558386
1997-03-05,0.015269997875314087
1997-03-12,0.013524549265720049
1997-03-19,0.01319479253386055
1997-03-26,0.013123085952950872
1997-04-03,0.012140155537243635
1997-04-10,0.020770736675846155
1997-04-17,0.010471178995947482
1997-04-24,0.014084659306794051
1997-05-01,0.013957861978098533
1997-05-08,0.02291623724218755
1997-05-15,0.013993269483133746
1997-05-22,0.02165997580699314
1997-05-30,0.020333352463427552
1997-06-06,0.0195353251987456
1997-06-13,0.012380457149345768
1997-06-20,0.01559860479289318
1997-06-27,0.016746908389753748
1997-07-07,0.014403760780842864
1997-07-14,0.012974565861460403
1997-07-21,0.016052176718673237
1997-07-28,0.01264637071289594
1997-08-04,0.015018588318794395
1997-08-11,0.01849430304995893
1997-08-18,0.019479121430762723
1997-08-25,0.017659991559602246
1997-09-02,0.017432300270879858
1997-09-09,0.021929857449538414
1997-09-16,0.014267515689148597
1997-09-23,0.021442846687529892
1997-09-30,0.015812669616717095
1997-10-07,0.014679153876339399
1997-10-14,0.0149937509147769
1997-10-21,0.01639872056012168
1997-10-28,0.02305957049924794
1997-11-04,0.022058116500184237
1997-11-11,0.019997674806476275
1997-11-18,0.019539430572743214
1997-11-25,0.017911516901552998
1997-12-03,0.01740637298192726
1997-12-10,0.017482515519724524
1997-12-17,0.018439941396873348
1997-12-24,0.018229666266222272
1998-01-02,0.017825635865847317
1998-01-09,0.019239635354686164
1998-01-16,0.01723989002710573
1998-01-26,0.019668611176844212
1998-02-02,0.017985509951188014
1998-02-09,0.017573114787651434
1998-02-17,0.01927017335169737
1998-02-24,0.01713344705567581
1998-03-03,0.01794510035134884
1998-03-10,0.017371518576227124
1998-03-17,0.01908058011442532
1998-03-24,0.018217541324954855
1998-03-31,0.01987887137766284
1998-04-07,0.018908914371611112
1998-04-15,0.01882699104378445
1998-04-22,0.018615307795332416
1998-04-29,0.018619388106645207
1998-05-06,0.017825901800976738
1998-05-13,0.018893646793740743
1998-05-20,0.016515735936698223
1998-05-28,0.016532963405592464
1998-06-04,0.018518724166788153
1998-06-11,0.016743715059448737
1998-06-18,0.021344941686951533
1998-06-25,0.018906499935469633
1998-07-02,0.0204636263202829
1998-07-10,0.01960505398353825
1998-07-17,0.019339067504660433
1998-07-24,0.019108981600721515
1998-07-31,0.01877627287766877
1998-08-07,0.017921557496838828
1998-08-14,0.01768107629255613
1998-08-21,0.01765757831472506
1998-08-28,0.019116675936441983
1998-09-04,0.020729615504730757
1998-09-14,0.0291217613229983
1998-09-21,0.024989608909021695
1998-09-28,0.0215372588198504
1998-10-05,0.023855321935636397
1998-10-12,0.03827600549033688
1998-10-19,0.04145892593653118
1998-10-26,0.035910026327276995
1998-11-02,0.029730503262367626
1998-11-09,0.03607815408152347
1998-11-16,0.033016937759362444
1998-11-23,0.029940866766647
1998-12-01,0.028224348452675824
1998-12-08,0.02316383307425303
1998-12-15,0.024656892730524904
1998-12-22,0.021891380727466183
1998-12-30,0.023621481900189943
1999-01-07,0.020145885500045084
1999-01-14,0.02338487549989139
1999-01-22,0.02302342636166925
1999-01-29,0.023484842047452978
1999-02-05,0.022192293345818803
1999-02-12,0.018847652735145184
1999-02-22,0.018956513428746963
1999-03-01,0.02016529815281042
1999-03-08,0.026321021950576295
1999-03-15,0.023361456914163466
1999-03-22,0.023209402383006315
1999-03-29,0.025525402242440497
1999-04-06,0.027057487598053983
1999-04-13,0.026982619499807268
1999-04-20,0.026471565825221713
1999-04-27,0.025746100338881132
1999-05-04,0.022731088616505878
1999-05-11,0.02252489406311561
1999-05-18,0.024198726247181657
1999-05-25,0.024265112408564042
1999-06-02,0.02295674340413169
1999-06-09,0.020179820646754134
1999-06-16,0.02173027407111204
1999-06-23,0.02010079007107843
1999-06-30,0.018342653728561916
1999-07-08,0.018395478006613432
1999-07-15,0.01874477815030553
1999-07-22,0.0175857877098059
1999-07-29,0.01786586909994485
1999-08-05,0.018147942888257405
1999-08-12,0.01992022321469117
1999-08-19,0.01876027755912541
1999-08-26,0.019791368293147097
1999-09-02,0.02222066886680202
1999-09-10,0.02053977539420054
1999-09-17,0.02022902436350382
1999-09-24,0.019832542290995427
1999-10-01,0.020804029340461303
1999-10-08,0.019670664200700096
1999-10-15,0.020762837538539042
1999-10-22,0.020096891669552672
1999-10-29,0.01981048694417562
1999-11-05,0.019335646601191952
1999-11-12,0.01907328881954535
1999-11-19,0.0190499584479788
1999-11-29,0.018856879115884028
1999-12-06,0.019066457842028182
1999-12-13,0.01916024012162463
1999-12-20,0.05148355669972595
1999-12-28,0.03710409460647496
2000-01-04,0.030107788274932344
2000-01-11,0.03582002178026965
2000-01-19,0.02863783118905927
2000-01-26,0.034230409695108446
2000-02-02,0.023947749312253543
2000-02-09,0.023562897364080654
2000-02-16,0.022973739440511804
2000-02-24,0.026269325368539584
2000-03-02,0.021678157410809203
2000-03-09,0.021414328483224002
2000-03-16,0.020913164160099747
2000-03-23,0.023812203124686415
2000-03-30,0.0241656464115019
2000-04-06,0.022512019998315494
2000-04-13,0.023990083273609134
2000-04-20,0.024244283657600927
2000-04-28,0.025977763114675867
2000-05-05,0.023159288631942786
2000-05-12,0.020055332370291796
2000-05-19,0.031457667464274607
2000-05-26,0.02642341246583675
2000-06-05,0.022768375816638858
2000-06-12,0.020230808378551013
2000-06-19,0.025469940153572655
2000-06-26,0.022855537704749403
2000-07-03,0.021478225340220484
2000-07-11,0.02457643785613435
2000-07-18,0.022567842912751594
2000-07-25,0.021620336897697053
2000-08-01,0.0213062691533939
2000-08-08,0.019003808470510204
2000-08-15,0.019183524623998263
2000-08-22,0.020351116779178204
2000-08-29,0.019791012943344562
2000-09-06,0.022170725941122002
2000-09-13,0.021266595198152494
2000-09-20,0.01563976448876315
2000-09-27,0.015425913095138294
2000-10-04,0.015149259768796886
2000-10-11,0.012434110351857982
2000-10-18,0.01293200791020098
2000-10-25,0.01206806366134074
2000-11-01,0.008143630258995218
2000-11-08,0.008124711757170881
2000-11-15,0.008614255066249202
2000-11-22,0.01843999449124136
2000-11-30,0.0162338348369948
2000-12-07,0.01619782768826154
2000-12-14,0.015778117607295177
2000-12-21,0.0159056947441093
2000-12-29,0.014922391682284146
2001-01-08,0.016875387673763974
2001-01-16,0.023100895906925042
2001-01-23,0.03897012003145404
2001-01-30,0.030536396544509358
2001-02-06,0.018630498658626548
2001-02-13,0.013901127572353894
2001-02-21,0.01280041280490439
2001-02-28,0.013812693165449662
2001-03-07,0.018990430906861776
2001-03-14,0.013614913658998737
2001-03-21,0.02535543158924216
2001-03-28,0.022733444568144464
2001-04-04,0.02062109178275527
2001-04-11,0.01770039260946699
2001-04-19,0.028858202825413626
2001-04-26,0.01781152024121246
2001-05-03,0.015986011680945197
2001-05-10,0.012652771967325014
2001-05-17,0.015392019211905599
2001-05-24,0.021529112216924558
2001-06-01,0.01767084992973014
2001-06-08,0.014011903577339205
2001-06-15,0.01270952543477162
2001-06-22,0.013825918897786506
2001-06-29,0.011678132757936938
2001-07-09,0.014943927053742511
2001-07-16,0.01334460724786193
2001-07-23,0.01150666281875697
2001-07-30,0.0125593137656455
2001-08-06,0.011841112969192198
2001-08-13,0.010897688074302983
2001-08-20,0.014735882544721995
2001-08-27,0.013441656438596884
2001-09-04,0.01464216105248226
2001-09-17,0.011917286478415941
2001-09-24,0.04261197945076413
2001-10-01,0.03604672373252698
2001-10-08,0.021974237512189854
2001-10-15,0.026096977614678298
2001-10-22,0.018174664075028282
2001-10-29,0.01426558374378095
2001-11-05,0.01804685392308191
2001-11-12,0.028785984199918874
2001-11-19,0.0187367506584311
2001-11-27,0.018195553291174827
2001-12-04,0.022109962002215197
2001-12-11,0.022944694934190976
2001-12-18,0.01815616291643567
2001-12-26,0.018805919727026416
2002-01-03,0.018100780008339794
2002-01-10,0.01953038559525258
2002-01-17,0.01823584105600213
2002-01-25,0.01770243055807956
2002-02-01,0.02338556256214911
2002-02-08,0.020959635913972628
2002-02-15,0.024528873186693303
2002-02-25,0.023500622425552804
2002-03-04,0.021960042501179694
2002-03-11,0.0274395662196181
2002-03-18,0.0214898771814323
2002-03-25,0.022140957026251767
2002-04-02,0.02266921270517392
2002-04-09,0.01882959456828973
2002-04-16,0.018316479532262495
2002-04-23,0.019020586514636863
2002-04-30,0.016513794575789005
2002-05-07,0.018817329888965232
2002-05-14,0.02014494538248143
2002-05-21,0.01726635541287468
2002-05-29,0.01882287728044779
2002-06-05,0.02108628022353337
2002-06-12,0.01941832629454531
2002-06-19,0.018976472634541313
2002-06-26,0.018691160566580253
2002-07-03,0.021115584947419178
2002-07-11,0.02003021547798311
2002-07-18,0.018532650508118847
2002-07-25,0.01891700017645293
2002-08-01,0.020893457610280927
2002-08-08,0.023257792112286544
2002-08-15,0.021755265176400966
2002-08-22,0.021349268797965726
2002-08-29,0.020846342381419584
2002-09-06,0.020940697066909902
2002-09-13,0.020107390282526047
2002-09-20,0.02118193814518836
2002-09-27,0.018895426932295185
2002-10-04,0.019046569598215043
2002-10-11,0.0206287900363604
2002-10-18,0.02084092828183686
2002-10-25,0.02096737770756114
2002-11-01,0.021273617030925777
2002-11-08,0.021252636743806088
2002-11-15,0.020272604963055104
2002-11-22,0.020384749944332564
2002-12-02,0.020055916942287817
2002-12-09,0.019469997355900447
2002-12-16,0.01875734066141798
2002-12-23,0.018964228046179116
2002-12-31,0.019243869324086615
2003-01-08,0.01900055247934823
2003-01-15,0.018887822596004217
2003-01-23,0.015385551715199819
2003-01-30,0.015414959320777273
2003-02-06,0.019049783893120804
2003-02-13,0.018441455774219774
2003-02-21,0.014114721308618235
2003-02-28,0.013244801964400327
2003-03-07,0.015011114191593414
2003-03-14,0.014323906354868573
2003-03-21,0.01369578611259346
2003-03-28,0.013812493109239956
2003-04-04,0.017414399530005262
2003-04-11,0.016710706521946176
2003-04-21,0.01797181206022253
2003-04-28,0.017108853687711905
2003-05-05,0.01785575557170689
2003-05-12,0.017921505788257016
2003-05-19,0.0163051675668737
2003-05-27,0.01465243797688138
2003-06-03,0.016321218503569372
2003-06-10,0.01670514423958257
2003-06-17,0.015813553755497048
2003-06-24,0.014441879276231608
2003-07-01,0.014546503446995875
2003-07-09,0.016872735829917888
2003-07-16,0.018860395624441806
2003-07-23,0.018747703128486642
2003-07-30,0.017230984387800314
2003-08-06,0.016796559314583313
2003-08-13,0.01668875451000897
2003-08-20,0.01698909440938518
2003-08-27,0.017253533132042184
2003-09-04,0.016509020643548155
2003-09-11,0.015833519550108924
2003-09-18,0.02087327890694376
2003-09-25,0.02259678677285141
2003-10-02,0.02129514535402191
2003-10-09,0.019408937170423704
2003-10-16,0.017370067925104007
2003-10-23,0.01873798336200409
2003-10-30,0.016908644290644436
2003-11-06,0.018819661276499335
2003-11-13,0.020923683885251166
2003-11-20,0.018304462562571174
2003-11-28,0.01913073154286701
2003-12-05,0.02073306569699562
2003-12-12,0.018118444785610918
2003-12-19,0.01835914526785735
2003-12-29,0.018069734641973444
2004-01-06,0.018361026543456914
2004-01-13,0.01810642692216916
2004-01-21,0.017793401428081876
2004-01-28,0.01773343977268757
2004-02-04,0.017385295507744265
2004-02-11,0.018709622461143167
2004-02-19,0.01860562106866779
2004-02-26,0.018283948150690843
2004-03-04,0.018466653123814267
2004-03-11,0.01774507735642313
2004-03-18,0.01776782190628565
2004-03-25,0.01771755581050491
2004-04-01,0.017437376534948052
2004-04-08,0.017317288516453155
2004-04-16,0.0171327669009793
2004-04-23,0.017280724961325385
2004-04-30,0.017135416364714204
2004-05-07,0.01784537309746831
2004-05-14,0.01868038878431074
2004-05-21,0.01795187577402525
2004-05-28,0.018231270107251934
2004-06-07,0.017369455351991997
2004-06-15,0.018170761446088195
2004-06-22,0.017975018224254048
2004-06-29,0.017515278993082223
2004-07-07,0.018432006642823566
2004-07-14,0.0193811663202117
2004-07-21,0.017398941639514484
2004-07-28,0.017302671815094012
2004-08-04,0.017149211013626875
2004-08-11,0.017450438102426358
2004-08-18,0.017085081437663026
2004-08-25,0.016906340193854823
2004-09-01,0.016695503476609995
2004-09-09,0.01690906429860157
2004-09-16,0.016266074207977155
2004-09-23,0.016182256958424693
2004-09-30,0.015231394991054246
2004-10-07,0.015436840993500288
2004-10-14,0.016479663554886087
2004-10-21,0.014971798950835622
2004-10-28,0.011676399621568804
2004-11-04,0.014704991623442123
2004-11-11,0.014967319004781925
2004-11-18,0.01421591168619103
2004-11-26,0.014037645093998746
2004-12-03,0.013831718081233924
2004-12-10,0.013992999613760288
2004-12-17,0.013575301894599434
2004-12-27,0.01056971324810564
2005-01-03,0.013534349103825784
2005-01-10,0.012993430883542306
2005-01-18,0.011155162694872657
2005-01-25,0.011422284718523537
2005-02-01,0.013174298934674221
2005-02-08,0.011787689689185532
2005-02-15,0.011006255769537877
2005-02-23,0.01188847476095646
2005-03-02,0.010889071986429561
2005-03-09,0.010157314744649048
2005-03-16,0.009822030380385836
2005-03-23,0.009395733547875302
2005-03-31,0.010668828489707568
2005-04-07,0.010553070903305893
2005-04-14,0.010359183526469749
2005-04-21,0.010444722129072366
2005-04-28,0.01032993551337096
2005-05-05,0.011113955827971887
2005-05-12,0.010080672835286842
2005-05-19,0.010174602113742583
2005-05-26,0.009500995117220079
2005-06-03,0.009197229583596743
2005-06-10,0.008738611688879851
2005-06-17,0.00800382628834882
2005-06-24,0.008503129679396777
2005-07-01,0.007990559247557632
2005-07-11,0.009447657081084757
2005-07-18,0.009225519726298667
2005-07-25,0.00764991739937974
2005-08-01,0.008094685862033088
2005-08-08,0.00903429205253663
2005-08-15,0.009861111431008873
2005-08-22,0.009931717285078676
2005-08-29,0.010046529796974015
2005-09-06,0.009569827527326625
2005-09-13,0.009756007275424108
2005-09-20,0.009711881587746
2005-09-27,0.010345692686616805
2005-10-04,0.013359962705399651
2005-10-11,0.013854068086290968
2005-10-18,0.011495375791789698
2005-10-25,0.014028129109128123
2005-11-01,0.013187039086247028
2005-11-08,0.010502639860439535
2005-11-15,0.008967519171968339
2005-11-22,0.016318068557587488
2005-11-30,0.014721698600539113
2005-12-07,0.013583496619204542
2005-12-14,0.011352164623197228
2005-12-21,0.011260212916141897
2005-12-29,0.012168654246463026
2006-01-06,0.011338968934174173
2006-01-13,0.012955809728751738
2006-01-23,0.0143093946487219
2006-01-30,0.013777065653647357
2006-02-06,0.012676349092692671
2006-02-13,0.011866450940992049
2006-02-21,0.012382044821227301
2006-02-28,0.011894955637798459
2006-03-07,0.01090543350948729
2006-03-14,0.009085780475915066
2006-03-21,0.007677041695898115
2006-03-28,0.009591798443524598
2006-04-04,0.011111706799504599
2006-04-11,0.011640575690086825
2006-04-19,0.01138076449585576
2006-04-26,0.011572291031253753
2006-05-03,0.012154393825793038
2006-05-10,0.011815087020142256
2006-05-17,0.016220655333282003
2006-05-24,0.015905240554092922
2006-06-01,0.01506284169303361
2006-06-08,0.014384262911204962
2006-06-15,0.02085518863879061
2006-06-22,0.017080827565329002
2006-06-29,0.014115551148466533
2006-07-07,0.01628976004553268
2006-07-14,0.019304786482577566
2006-07-21,0.016663243642831303
2006-07-28,0.01514802035643439
2006-08-04,0.015302221685490891
2006-08-11,0.014309851416980919
2006-08-18,0.013979422856530798
2006-08-25,0.013688450194799992
2006-09-01,0.012990005978349683
2006-09-11,0.01261268184784519
2006-09-18,0.012122117754205174
2006-09-25,0.011511007557088887
2006-10-02,0.011152851139156175
2006-10-09,0.012505225870218404
2006-10-16,0.012047230691825991
2006-10-23,0.011547772193138675
2006-10-30,0.011509649697724115
2006-11-06,0.009086596427447248
2006-11-13,0.010842119624124479
2006-11-20,0.012425171552573059
2006-11-28,0.0137699995518934
2006-12-05,0.01269710617233845
2006-12-12,0.011102525561344383
2006-12-19,0.008699825030790519
2006-12-27,0.009367476299996437
2007-01-05,0.01039317196284868
2007-01-12,0.014469386738263692
2007-01-22,0.012004616021480346
2007-01-29,0.01378371788666961
2007-02-05,0.013069968115521259
2007-02-12,0.012792669927188985
2007-02-20,0.01230565279439631
2007-02-27,0.011445064268368088
2007-03-06,0.013483416675639978
2007-03-13,0.014455877990715894
2007-03-20,0.013309043674574974
2007-03-27,0.012501447113814294
2007-04-03,0.012802042630613297
2007-04-11,0.011219739216026293
2007-04-18,0.011926069954621267
2007-04-25,0.011669681182262878
2007-05-02,0.010699790527376836
2007-05-09,0.010225335685035397
2007-05-16,0.011824923794211645
2007-05-23,0.012484110477172433
2007-05-31,0.010636114506257479
2007-06-07,0.012002908153930758
2007-06-14,0.01162745301449379
2007-06-21,0.011293084538271431
2007-06-28,0.011130003789407173
2007-07-06,0.010989300750659682
2007-07-13,0.011230735901497152
2007-07-20,0.01116142359997033
2007-07-27,0.011345635996022249
2007-08-03,0.01109508191150246
2007-08-10,0.011834519025954086
2007-08-17,0.011501841440193308
2007-08-24,0.011024124356915202
2007-08-31,0.01147784797845128
2007-09-10,0.01169043632408961
2007-09-17,0.01142879851151036
2007-09-24,0.01112289580448062
2007-10-01,0.010891130210036133
2007-10-08,0.011217990341290762
2007-10-15,0.011174037672462389
2007-10-22,0.013443335204801721
2007-10-29,0.015391182709610055
2007-11-05,0.01425456719191725
2007-11-12,0.013430425004164791
2007-11-19,0.012584005845573426
2007-11-27,0.012975928432366272
2007-12-04,0.012823291931812817
2007-12-11,0.012457068065536028
2007-12-18,0.01655947925309828
2007-12-26,0.014888818224649608
2008-01-03,0.012287764685121832
2008-01-10,0.01526604694405694
2008-01-17,0.016254890279479243
2008-01-25,0.01637751702654843
2008-02-01,0.017310611564826613
2008-02-08,0.01850945813439643
2008-02-15,0.01736736599320172
2008-02-25,0.0200867756537679
2008-03-03,0.017616902200815084
2008-03-10,0.017077085820174007
2008-03-17,0.02145470800393002
2008-03-25,0.02174448790352361
2008-04-01,0.020514887263170568
2008-04-08,0.020828098460633142
2008-04-15,0.017138599255883284
2008-04-22,0.018033074162678638
2008-04-29,0.01982266184773896
2008-05-06,0.019157002730025775
2008-05-13,0.016520983701226368
2008-05-20,0.020379666370629285
2008-05-28,0.0178223210901882
2008-06-04,0.016817983031197557
2008-06-11,0.017258409647038637
2008-06-18,0.016892695002339354
2008-06-25,0.01725711618746426
2008-07-02,0.017053646894750196
2008-07-10,0.016938667821243005
2008-07-17,0.017128676291380693
2008-07-24,0.017311680813877118
2008-07-31,0.01943374687203531
2008-08-07,0.01829334708251627
2008-08-14,0.01882424177711971
2008-08-21,0.018526282815867146
2008-08-28,0.019519509101800246
2008-09-05,0.017904800393141008
2008-09-12,0.017750239747663616
2008-09-19,0.01954168980529585
2008-09-26,0.02246394630869489
2008-10-03,0.032611229551293655
2008-10-10,0.04050489519797181
2008-10-17,0.059044839226291015
2008-10-24,0.05177418870744403
2008-10-31,0.06191083070285308
2008-11-07,0.07405156315648648
2008-11-14,0.06114160656984293
2008-11-21,0.050483220080220464
2008-12-01,0.04441054414101895
2008-12-08,0.04389513963333652
2008-12-15,0.040340357935551456
2008-12-22,0.03884771316895494
2008-12-30,0.03518321827054792
2009-01-07,0.028265505630608118
2009-01-14,0.026696181100460226
2009-01-22,0.02746467273409478
2009-01-29,0.034530775076236565
2009-02-05,0.03087739772163469
2009-02-12,0.031131118101612863
2009-02-20,0.029539134161825017
2009-02-27,0.03688497537534527
2009-03-06,0.03241973789424905
2009-03-13,0.028383212125849763
2009-03-20,0.0247051692278748
2009-03-27,0.034463508643932855
2009-04-03,0.038784803739886554
2009-04-13,0.03879537229858306
2009-04-20,0.03195318096483531
2009-04-27,0.0273657670412138
2009-05-04,0.02435506612941826
2009-05-11,0.02533996785808444
2009-05-18,0.02588984151718286
2009-05-26,0.022513332820561862
2009-06-02,0.02385140036348781
2009-06-09,0.02097260026534065
2009-06-16,0.020244611147994564
2009-06-23,0.01990593526229864
2009-06-30,0.01838620846969183
2009-07-08,0.01956297553659434
2009-07-15,0.01811156763929794
2009-07-22,0.017652972265816406
2009-07-29,0.013019351428829058
2009-08-05,0.020339971453885032
2009-08-12,0.020358855203563037
2009-08-19,0.020791886043884024
2009-08-26,0.01888124551648351
2009-09-02,0.017530411767682698
2009-09-10,0.016914723574174027
2009-09-17,0.017750247585813783
2009-09-24,0.016683023843875436
2009-10-01,0.016380444942927626
2009-10-08,0.018832299361050107
2009-10-15,0.01702618740167379
2009-10-22,0.017091194759842304
2009-10-29,0.017921881127228395
2009-11-05,0.016711297072133
2009-11-12,0.019791229232412715
2009-11-19,0.01795019254512388
2009-11-27,0.018431847543417746
2009-12-04,0.021123764379295723
2009-12-11,0.01753058785020571
2009-12-18,0.015460166404322366
2009-12-28,0.01385441192659052
2010-01-05,0.012580838689453993
2010-01-12,0.01426414533384351
2010-01-20,0.015872868988310012
2010-01-27,0.016821126590164277
2010-02-03,0.0279722899464593
2010-02-10,0.031441327301613364
2010-02-18,0.025739644436826706
2010-02-25,0.022946873781802903
2010-03-04,0.021072809074799897
2010-03-11,0.019306645528543255
2010-03-18,0.01666105541449447
2010-03-25,0.016660553960243553
2010-04-01,0.015025804696744662
2010-04-09,0.013865957431897353
2010-04-16,0.013712116081203558
2010-04-23,0.013527346529879162
2010-04-30,0.015191593696245264
2010-05-07,0.014645011798608719
2010-05-14,0.015711864747852418
2010-05-21,0.016567600914613914
2010-05-28,0.018582886737539526
2010-06-07,0.01705786689579288
2010-06-14,0.016552642616129418
2010-06-21,0.015451458750730668
2010-06-28,0.01349154648979374
2010-07-06,0.012882588425709269
2010-07-13,0.01347956545706552
2010-07-20,0.015423565203982269
2010-07-27,0.015174582831785936
2010-08-03,0.015486421237871105
2010-08-10,0.01571731725594756
2010-08-17,0.014990389580553338
2010-08-24,0.013138591552194597
2010-08-31,0.013662779377380514
2010-09-08,0.014522448258356867
2010-09-15,0.013790194044745028
2010-09-22,0.013578668836980674
2010-09-29,0.014735041400185046
2010-10-06,0.014813070377673833
2010-10-13,0.013499606221750797
2010-10-20,0.015778867379194803
2010-10-27,0.013265564008829197
2010-11-03,0.013252436378050611
2010-11-10,0.014413697945376626
2010-11-17,0.01377789241613383
2010-11-24,0.014167262418597648
2010-12-02,0.014949328264855176
2010-12-09,0.012691633689349393
2010-12-16,0.012076490282902278
2010-12-23,0.011318287920319449
2010-12-31,0.010990689851395893
2011-01-07,0.009950199096126313
2011-01-14,0.010041753373431129
2011-01-24,0.013471344242954016
2011-01-31,0.015676486973138407
2011-02-07,0.013070064864725551
2011-02-14,0.0142054506844178
2011-02-22,0.01320213785018771
2011-03-01,0.013636263674497951
2011-03-08,0.013942855410821348
2011-03-15,0.019457258051113615
2011-03-22,0.017330126714277465
2011-03-29,0.014964571724711372
2011-04-05,0.013632685614516861
2011-04-12,0.013742619639428659
2011-04-19,0.012327732119834615
2011-04-27,0.013208755623634279
2011-05-04,0.01237136261579494
2011-05-11,0.012396431762077421
2011-05-18,0.012961205654865771
2011-05-25,0.011942423554895347
2011-06-02,0.01287592368486712
2011-06-09,0.012534658642108279
2011-06-16,0.012382163954161005
2011-06-23,0.011515779420654737
2011-06-30,0.012177893938643354
2011-07-08,0.011557273896346167
2011-07-15,0.011248357807609192
2011-07-22,0.009995996592154555
2011-07-29,0.012120936077827518
2011-08-05,0.013874707602432467
2011-08-12,0.02738633460508989
2011-08-19,0.024351318306148447
2011-08-26,0.01873950502381243
2011-09-02,0.015017785770717912
2011-09-12,0.016566064772750487
2011-09-19,0.014698806842139867
2011-09-26,0.015905835610201677
2011-10-03,0.01621220799206322
2011-10-10,0.014468486769733719
2011-10-17,0.01342988689157846
2011-10-24,0.012858997149264022
2011-10-31,0.01622963009769458
2011-11-07,0.01659016740354673
2011-11-14,0.013466466904559167
2011-11-21,0.012803092177564212
2011-11-29,0.020266602964602327
2011-12-06,0.01851306606575608
2011-12-13,0.018267692335631188
2011-12-20,0.015879034182331324
2011-12-28,0.01375049480954454
2012-01-05,0.01515703192788185
2012-01-12,0.012819812455510043
2012-01-20,0.013653722258657882
2012-01-27,0.016067211934252087
2012-02-03,0.015209642652053766
2012-02-10,0.015161485416205187
2012-02-17,0.017682736067009267
2012-02-27,0.013377152880499742
2012-03-05,0.015325095328412777
2012-03-12,0.015226427192312786
2012-03-19,0.014347429019768735
2012-03-26,0.012791336378959168
2012-04-02,0.013614958380907266
2012-04-10,0.016911725287014793
2012-04-17,0.014881275835933237
2012-04-24,0.014083163588692474
2012-05-01,0.013126966577202186
2012-05-08,0.012649673927427428
2012-05-15,0.014896954175870919
2012-05-22,0.01463204490796384
2012-05-30,0.012639262319602322
2012-06-06,0.014535688462071483
2012-06-13,0.01461181191725693
2012-06-20,0.013611066885896219
2012-06-27,0.013845024447658493
2012-07-05,0.015410659300293693
2012-07-12,0.01488587559330035
2012-07-19,0.014591762564740927
2012-07-26,0.014657304338956938
2012-08-02,0.015120384969112584
2012-08-09,0.014948321187285826
2012-08-16,0.014416131580633701
2012-08-23,0.014287145271828349
2012-08-30,0.014007917890443271
2012-09-07,0.01436321674729263
2012-09-14,0.013750096299248792
2012-09-21,0.013569586670545137
2012-09-28,0.013712375282175093
2012-10-05,0.013983869493930151
2012-10-12,0.014043238151112122
2012-10-19,0.013985291828083321
2012-10-26,0.013783287228298054
2012-11-06,0.014417658323813873
2012-11-13,0.014279418195720204
2012-11-20,0.015210629584065612
2012-11-28,0.014063396094058385
2012-12-05,0.013843441448545364
2012-12-12,0.014998783965455238
2012-12-19,0.013822687884402808
2012-12-27,0.013788477784038007
2013-01-04,0.01396912364807492
2013-01-11,0.014057888943372033
2013-01-18,0.01403697493840746
2013-01-28,0.01393148357776094
2013-02-04,0.013910303856126757
2013-02-11,0.014207777079563597
2013-02-19,0.015366816542599814
2013-02-26,0.013958087789977381
2013-03-05,0.015354346371348216
2013-03-12,0.015298938042041963
2013-03-19,0.014788713637658116
2013-03-26,0.013779996966858332
2013-04-03,0.013755310239788548
2013-04-10,0.014171572196518946
2013-04-17,0.014558222440298592
2013-04-24,0.015537969614414561
2013-05-01,0.014858298219986568
2013-05-08,0.014736135941638386
2013-05-15,0.014217256387556441
2013-05-22,0.014550383060484217
2013-05-30,0.015691301188529138
2013-06-06,0.017052669073031514
2013-06-13,0.01632022745546946
2013-06-20,0.01626666925299132
2013-06-27,0.016376860993060197
2013-07-05,0.015742729504480014
2013-07-12,0.015019416560817095
2013-07-19,0.013860842062390317
2013-07-26,0.013585475288582
2013-08-02,0.018064594536253177
2013-08-09,0.02000748780758772
2013-08-16,0.015133723877849116
2013-08-23,0.01763876215778277
2013-08-30,0.013920781118230911
2013-09-09,0.0145072498718353
2013-09-16,0.01416709734855152
2013-09-23,0.015307183489207392
2013-09-30,0.01531241368818785
2013-10-07,0.013263622023746851
2013-10-14,0.01592732416055769
2013-10-21,0.013871720141319098
2013-10-28,0.014367474057319222
2013-11-04,0.012444880091998296
2013-11-11,0.015872626769309107
2013-11-18,0.011789687693725459
2013-11-25,0.01171820784523545
2013-12-03,0.012591470246347622
2013-12-10,0.012209644631614594
2013-12-17,0.011931674057564423
2013-12-24,0.01302732966741369
2014-01-02,0.01201516941512776
2014-01-09,0.011123844694153059
2014-01-16,0.011789214374145528
2014-01-24,0.013462541721171305
2014-01-31,0.010635340072288101
2014-02-07,0.015150276689661043
2014-02-14,0.012335329540214412
2014-02-24,0.011087606586653007
2014-03-03,0.01003792499905371
2014-03-10,0.012702088691099265
2014-03-17,0.012879346726420752
2014-03-24,0.011595944515836827
2014-03-31,0.015983626091912742
2014-04-07,0.012008800589559767
2014-04-14,0.019155738475848217
2014-04-22,0.012589974362060496
2014-04-29,0.011676231667785787
2014-05-06,0.0103593257733615
2014-05-13,0.010130395895380706
2014-05-20,0.01065434018179178
2014-05-28,0.01111449642159731
2014-06-04,0.01185149339874809
2014-06-11,0.011169079030768855
2014-06-18,0.009772821471402324
2014-06-25,0.01098345590793581
2014-07-02,0.014219060772622142
2014-07-10,0.010411983517793781
2014-07-17,0.010419548382261614
2014-07-24,0.009571817638615575
2014-07-31,0.00991155859251802
2014-08-07,0.012973842903609948
2014-08-14,0.009498743007127749
2014-08-21,0.009963659665073354
2014-08-28,0.009033238444542836
2014-09-05,0.009396433595998621
2014-09-12,0.00955989541405406
2014-09-19,0.01107932553956212
2014-09-26,0.009060875359627095
2014-10-03,0.010604600200324481
2014-10-10,0.00982874064442038
2014-10-17,0.009269926394124469
2014-10-24,0.01049110103957934
2014-10-31,0.009228702532995224
2014-11-07,0.013203633493374058
2014-11-14,0.011266622981645935
2014-11-21,0.01025594449241015
2014-12-01,0.009826276784227105
2014-12-08,0.009817659930722276
2014-12-15,0.010584777497560208
2014-12-22,0.011463212157124942
2014-12-30,0.0101745295044048
2015-01-07,0.01047309601216593
2015-01-14,0.011165631289194535
2015-01-22,0.010393055066366412
2015-01-29,0.01012121882510954
2015-02-05,0.011147583140112905
2015-02-12,0.010673287222655568
2015-02-20,0.010668016082205687
2015-02-27,0.010570955444528258
2015-03-06,0.010185388916789589
2015-03-13,0.010486914206697192
2015-03-20,0.010535541783035276
2015-03-27,0.010208835693566272
2015-04-06,0.010491550748820733
2015-04-13,0.010030017988014362
2015-04-20,0.009878601720997715
2015-04-27,0.009811419294836669
2015-05-04,0.00981698286057736
2015-05-11,0.01033822554134458
2015-05-18,0.010783368394344206
2015-05-26,0.010515587801923389
2015-06-02,0.010370090825533307
2015-06-09,0.010411948698578855
2015-06-16,0.010704379561994099
2015-06-23,0.010144559413321317
2015-06-30,0.010340126946041205
2015-07-08,0.010778551400243155
2015-07-15,0.010856262194172305
2015-07-22,0.010837729860675212
2015-07-29,0.010486392399082342
2015-08-05,0.010668896073409428
2015-08-12,0.010730892260060314
2015-08-19,0.010763057373985674
2015-08-26,0.013804801304317445
2015-09-02,0.017190983824056958
2015-09-10,0.016403385118490373
2015-09-17,0.01627639875210413
2015-09-24,0.012283556713152602
2015-10-01,0.01437937165103076
2015-10-08,0.013758658669397256
2015-10-15,0.01217700952315807
2015-10-22,0.012179655958981033
2015-10-29,0.011530453380837908
2015-11-05,0.01026127149894327
2015-11-12,0.010881154700300046
2015-11-19,0.01207624594551112
2015-11-27,0.010179645187454154
2015-12-04,0.010724567756407476
2015-12-11,0.01199499602910028
2015-12-18,0.01661415335866466
2015-12-28,0.012229364302423476
2016-01-05,0.01179410090840847
2016-01-12,0.015382705407019751
2016-01-20,0.01653100483467198
2016-01-27,0.01883642040101393
2016-02-03,0.016348872839858423
2016-02-10,0.018233219514721063
2016-02-18,0.015772697323295972
2016-02-25,0.01396448666694421
2016-03-03,0.01357825307221008
2016-03-10,0.013572476418492076
2016-03-17,0.01311626099454645
2016-03-24,0.012218413206222826
2016-04-01,0.013603951181221782
2016-04-08,0.015478109792058872
2016-04-15,0.01817896503764297
2016-04-22,0.014232142582880972
2016-04-29,0.016205941579243977
2016-05-06,0.013462973306882993
2016-05-13,0.02406221551973458
2016-05-20,0.01822645352633906
2016-05-27,0.01504134455428097
2016-06-06,0.01461350132055023
2016-06-13,0.013490414918760468
2016-06-20,0.013602726951443505
2016-06-27,0.03083540705339927
2016-07-05,0.015910179893813298
2016-07-12,0.022715247364696187
2016-07-19,0.012863308535137135
2016-07-26,0.012707845086530382
2016-08-02,0.012281963916106704
2016-08-09,0.017809846676127145
2016-08-16,0.011666434985584298
2016-08-23,0.01308317651394259
2016-08-30,0.014879317877141763
2016-09-07,0.013927456159017143
2016-09-14,0.01465816339714236
2016-09-21,0.014230454194357678
2016-09-28,0.013891176378703154
2016-10-05,0.012190615153799563
2016-10-12,0.013125706627859612
2016-10-19,0.011894091531071401
2016-10-26,0.011812284866445493
2016-11-02,0.010389319301378335
2016-11-09,0.014445581114584244
2016-11-16,0.01260835874545085
2016-11-23,0.01140147025600398
2016-12-01,0.012112542437365155
2016-12-08,0.019716653109407192
2016-12-15,0.015038357266808668
2016-12-22,0.011017927925670745
2016-12-30,0.01323899933106535
2017-01-09,0.012240136644713573
2017-01-17,0.01127040723462093
2017-01-24,0.010951264227519896
2017-01-31,0.01226759074200714
2017-02-07,0.013527141812982276
2017-02-14,0.012586943313106213
2017-02-22,0.011363832406199476
2017-03-01,0.01189243735916029
2017-03-08,0.011228877424186873
2017-03-15,0.012301004172891806
2017-03-22,0.01067058829208482
2017-03-29,0.010558250361393315
2017-04-05,0.011018337208011536
2017-04-12,0.010554571530537458
2017-04-20,0.011208575368600013
2017-04-27,0.012084243065711205
2017-05-04,0.00928502546798625
2017-05-11,0.015029699193591971
2017-05-18,0.010328060259120779
2017-05-25,0.009520194002269462
2017-06-02,0.009458471915432322
2017-06-09,0.01150702000489016
2017-06-16,0.009842015234663952
2017-06-23,0.009533662115702857
2017-06-30,0.009487827997425974
2017-07-10,0.010086251699948319
2017-07-17,0.00895363794351115
2017-07-24,0.008730398703943171
2017-07-31,0.009015446618554426
2017-08-07,0.009193176036164496
2017-08-14,0.008788915520104534
2017-08-21,0.008333705319105843
2017-08-28,0.008567422481326413
2017-09-05,0.008419545512625167
2017-09-12,0.008709543232816643
2017-09-19,0.008158088115584147
2017-09-26,0.008226744067991534
2017-10-03,0.008185391767733186
2017-10-10,0.008184253216422199
2017-10-17,0.008012530977778074
2017-10-24,0.008018983829748475
2017-10-31,0.008129726007644783
2017-11-07,0.00783003573198605
2017-11-14,0.00817736616191603
2017-11-21,0.008380492281976569
2017-11-29,0.008135289631321142
2017-12-06,0.007927362521258629
2017-12-13,0.007816449270054666
2017-12-20,0.00799016459531682
2017-12-28,0.007865886445223194
2018-01-05,0.007881669569582006
2018-01-12,0.008005677422889606
2018-01-22,0.008162291794601303
2018-01-29,0.008119679558739426
2018-02-05,0.00880270384169739
2018-02-12,0.012003655776487444
2018-02-20,0.008580937698853649
2018-02-27,0.009348808580854854
2018-03-06,0.009290946478520795
2018-03-13,0.008314077252711695
2018-03-20,0.011078351235437671
2018-03-27,0.014619130335444772
2018-04-04,0.013928914031570639
2018-04-11,0.011407574356691694
2018-04-18,0.00795595616559681
2018-04-25,0.007778619604091044
2018-05-02,0.007772141800461215
2018-05-09,0.008071512077780002
2018-05-16,0.011410008117345792
2018-05-23,0.008488850384782424
2018-05-31,0.01279477384681925
2018-06-07,0.013475879668243292
2018-06-14,0.010816553812136193
2018-06-21,0.01047516164752134
2018-06-28,0.012562518996063126
2018-07-06,0.010301982223971834
2018-07-13,0.009953283995147678
2018-07-20,0.009007605849645866
2018-07-27,0.009002154533635861
2018-08-03,0.010230968889911303
2018-08-10,0.011704794094655122
2018-08-17,0.010096806964168252
2018-08-24,0.010797190567094444
2018-08-31,0.012807607311213338
2018-09-10,0.010253573251892007
2018-09-17,0.01030528202313546
2018-09-24,0.00961279681792774
2018-10-01,0.009528154532777357
2018-10-08,0.010105142524038819
2018-10-15,0.009738007852900027
2018-10-22,0.009947229849767255
2018-10-29,0.010402165920877905
2018-11-05,0.01361636473127427
2018-11-12,0.010221177403735793
2018-11-19,0.010313293747703381
2018-11-27,0.011963954797081882
2018-12-04,0.012795223306293119
2018-12-12,0.010726438401029128
2018-12-19,0.010198529772234947
2018-12-27,0.014562094418704945
2019-01-04,0.01239149340975865
2019-01-11,0.012232709481927959
2019-01-18,0.010760077530241784
2019-01-28,0.011459471361820048
2019-02-04,0.011641814615924085
2019-02-11,0.011330854074331438
2019-02-19,0.011945123865774966
2019-02-26,0.01135655880585454
2019-03-05,0.011557843867352646
2019-03-12,0.011522940347336046
2019-03-19,0.011417152967507536
2019-03-26,0.010945836892261992
2019-04-02,0.011326733374456097
2019-04-09,0.010847440169710648
2019-04-16,0.011053551543070032
2019-04-24,0.010981327027166286
2019-05-01,0.010965052499899257
2019-05-08,0.010902442097866673
2019-05-15,0.0107357645609141
2019-05-22,0.010759583628001078
2019-05-30,0.010515217385392546
2019-06-06,0.010329421140458607
2019-06-13,0.010348276071709123
2019-06-20,0.009940075746786807
2019-06-27,0.009019552711845827
2019-07-05,0.009740681425301665
2019-07-12,0.00950649348190777
2019-07-19,0.007611325554966797
2019-07-26,0.0075527180958035334
2019-08-02,0.00797516680851573
2019-08-09,0.008165045469054524
2019-08-16,0.00939987115898078
2019-08-23,0.008923204874011598
2019-08-30,0.009618361029402233
2019-09-09,0.008923963835401595
2019-09-16,0.008722693973611724
2019-09-23,0.007843831491847383
2019-09-30,0.009023354447053648
2019-10-07,0.009254107169767205
2019-10-14,0.009640007407523335
2019-10-21,0.009491626356778353
2019-10-28,0.00916691467334029
2019-11-04,0.008934546454100743
2019-11-11,0.008932391553769849
2019-11-18,0.008741632993468649
2019-11-25,0.00867909420106558
2019-12-03,0.007317749881360415
2019-12-10,0.008593799646559092
2019-12-17,0.007161039299076034
2019-12-24,0.007953252822010516
2020-01-02,0.007924468139577184
2020-01-09,0.007485625976001317
2020-01-16,0.00747216198250618
2020-01-24,0.007624170008280268
2020-01-31,0.008006189187988628
2020-02-07,0.008084219241974906
2020-02-14,0.007916890472131696
2020-02-24,0.007855083234620757
2020-03-02,0.011107842133435965
2020-03-09,0.012569598731362793
2020-03-16,0.04142404251208124
2020-03-23,0.04347819089061708
2020-03-30,0.037141897780052696
2020-04-06,0.029188193572638847
2020-04-14,0.025148318556007295
2020-04-21,0.021798104380495707
2020-04-28,0.014138721380808744
2020-05-05,0.018097138395136908
2020-05-12,0.012037755200728209
2020-05-19,0.016096019697611364
2020-05-27,0.026826612289077425
2020-06-03,0.01774397995407359
2020-06-10,0.015034796060232657
2020-06-17,0.022319856652187265
2020-06-24,0.016096572919496916
2020-07-01,0.011370930537733822
2020-07-09,0.01197437457516711
2020-07-16,0.01028149089066499
2020-07-23,0.008110591102895075
2020-07-30,0.012594245961420125
2020-08-06,0.015695885641443988
2020-08-13,0.017769191001855308
2020-08-20,0.01307215009285104
2020-08-27,0.00921117354457598
2020-09-03,0.008401277001556736
2020-09-11,0.012803583454236411
2020-09-18,0.01057845742464157
2020-09-25,0.01209404856515124
2020-10-02,0.012915044090785782
2020-10-09,0.009489450735387917
2020-10-16,0.008266130051995002
2020-10-23,0.00847615926587549
2020-10-30,0.010669864428080909
2020-11-06,0.015456247030742085
2020-11-13,0.01577161227234933
2020-11-20,0.012670798867502388
2020-11-30,0.011951864862456687
2020-12-07,0.01512259376985184
2020-12-14,0.027270940540363137
2020-12-21,0.016380645342128755
2020-12-29,0.013926685692423498
2021-01-06,0.011846563697882057
2021-01-13,0.012043366386772066
2021-01-21,0.013847631055714796
2021-01-28,0.016715889074282703
2021-02-04,0.021422978070955737
2021-02-11,0.02620696520335551
2021-02-19,0.01944088106770676
2021-02-26,0.016825806033004077
2021-03-05,0.014415988996516194
2021-03-12,0.013738311147386873
2021-03-19,0.01532281946965595
2021-03-26,0.014862021601426325
2021-04-05,0.014541938108465225
2021-04-12,0.013211598982678568
2021-04-19,0.012265602363224038
2021-04-26,0.012120998739876971
2021-05-03,0.012010533833164302
2021-05-10,0.012003583355127998
2021-05-17,0.012228942939393337
2021-05-24,0.011967929167520343
2021-06-01,0.010854241334289293
2021-06-08,0.014119445318633898
2021-06-15,0.011274239992341315
2021-06-22,0.015407492120065758
2021-06-29,0.012692480744653371
2021-07-07,0.011934449922518011
2021-07-14,0.012272971862879345
2021-07-21,0.012132948552898556
2021-07-28,0.011854353783070043
2021-08-04,0.012748079650600255
2021-08-11,0.012152863805239977
2021-08-18,0.011917129665830275
2021-08-25,0.014673272948879997
2021-09-01,0.012264555707653061
2021-09-09,0.012651921667445321
2021-09-16,0.012710280875513132
2021-09-23,0.01366564410821164
2021-09-30,0.013269903224683282
2021-10-07,0.016927703620021165
2021-10-14,0.013765611219475409
2021-10-21,0.012943724171176299
2021-10-28,0.0129751879959565
2021-11-04,0.01307499124811597
2021-11-11,0.013542712360350923
2021-11-18,0.013608754564602121
2021-11-26,0.012779602217065963
2021-12-03,0.013815064068156007
2021-12-10,0.01410965006622807
2021-12-17,0.01646623147154339
2021-12-27,0.013985691866165904
2022-01-03,0.012783858684768785
2022-01-10,0.015064752030757144
2022-01-18,0.014797025050924319
2022-01-25,0.01460923591430176
2022-02-01,0.014569319543160705
2022-02-08,0.01487558505679933
2022-02-15,0.015141542466079782
2022-02-23,0.01502758407467042
2022-03-02,0.014851501381637025
2022-03-09,0.017610427843058264
2022-03-16,0.01788294440777412
2022-03-23,0.01826271681554802
2022-03-30,0.017777262556398322
2022-04-06,0.017650127017690944
2022-04-13,0.01750035665738007
2022-04-21,0.018001952840365407
2022-04-28,0.017505260683490557
2022-05-05,0.01820674239438227
2022-05-12,0.018758211230123268
2022-05-19,0.01855958887125979
2022-05-26,0.01566405843492394
2022-06-03,0.017796178527450635
2022-06-10,0.01765361479718671
2022-06-17,0.017674219423183028
2022-06-27,0.017636009984886507
2022-07-05,0.017334235886536632
2022-07-12,0.017233309592405655
2022-07-19,0.018970799542548808
2022-07-26,0.01663501235394218
2022-08-02,0.017665020293616805
2022-08-09,0.017660231349010024
2022-08-16,0.017484018089726563
2022-08-23,0.0171471813276082
2022-08-30,0.01725746752220819
2022-09-07,0.016940666313704646
2022-09-14,0.01775601339923052
2022-09-21,0.016665716099772798
2022-09-28,0.016567916245070053
2022-10-05,0.017971100746503658
2022-10-12,0.016959692282511485
2022-10-19,0.017280291386117787
2022-10-26,0.01699002265454073
2022-11-02,0.017848993853716164
2022-11-09,0.016516002538575877
2022-11-16,0.017492384215440755
2022-11-23,0.017764976289946954
2022-12-01,0.017206695355231335
2022-12-08,0.016830778371273766
2022-12-15,0.016018833480376492
2022-12-22,0.016063739232396183
2022-12-30,0.015955897247264574
2023-01-09,0.017740851779734543
2023-01-17,0.016723886364678097
2023-01-24,0.01552740400428356
2023-01-31,0.015454472463487898
2023-02-07,0.01559584344101792
2023-02-14,0.015256831284739937
2023-02-22,0.015337945566298082
2023-03-01,0.013006093695987814
2023-03-08,0.014638133224226968
2023-03-15,0.013051002132910017
2023-03-22,0.014196127716975262
2023-03-29,0.013755080745883998
2023-04-05,0.013597863366041933
2023-04-13,0.013418269115850647
2023-04-20,0.013302176242078951
2023-04-27,0.010678946937905758
2023-05-04,0.013087456695945679
2023-05-11,0.012940142944756265
2023-05-18,0.012648903042176826
2023-05-25,0.01245326625650857
2023-06-02,0.012879818494176978
2023-06-09,0.013707117958030235
2023-06-16,0.016179282209196483
2023-06-26,0.01884635806470785
2023-07-03,0.01331046319714398
2023-07-11,0.012392176213347638
2023-07-18,0.011672889218107944
2023-07-25,0.01243420847556398
2023-08-01,0.011657511126024558
2023-08-08,0.014662345749574597
2023-08-15,0.011752101714201943
2023-08-22,0.011843167497303695
2023-08-29,0.01438654717922889
2023-09-06,0.013919810463440166
2023-09-13,0.013080658586599866
2023-09-20,0.017000302290541544
2023-09-27,0.0165614734316972
2023-10-04,0.015936971193197327
2023-10-11,0.014401604414847904
2023-10-18,0.01354408217630287
2023-10-25,0.012236038219668822
2023-11-01,0.014296536436848719
2023-11-08,0.014506526569201993
2023-11-15,0.01599682593127764
2023-11-22,0.01865848876004875
2023-11-30,0.014097518493380546
2023-12-07,0.014519526407564917
2023-12-14,0.012577811084397325
2023-12-21,0.015054972279509112
2023-12-29,0.012089578765498838
2024-01-08,0.014204864195366557
2024-01-16,0.015070299737655727
2024-01-23,0.01424576338827287
2024-01-30,0.01331906856748195
2024-02-06,0.012089567537377286
2024-02-13,0.01689046829868239
2024-02-21,0.015778565384871508
2024-02-28,0.015660981792005035
2024-03-06,0.015105414675579435
2024-03-13,0.016375153949543305
2024-03-20,0.01623708396066266
2024-03-27,0.016252659558773877
2024-04-04,0.01607301843536939
2024-04-11,0.015679047999984454
2024-04-18,0.015792472282998217
2024-04-25,0.015510819174316372
2024-05-02,0.01549144928064082
2024-05-09,0.015417729379336009
2024-05-16,0.015841145193310265
2024-05-23,0.016178125749228115
2024-05-31,0.016006958725937992
2024-06-07,0.015894748324575634
2024-06-14,0.015668910983366622
2024-06-24,0.015072329423376966
2024-07-01,0.015519372325459323
2024-07-09,0.015812697227425405
2024-07-16,0.015508813781251608
2024-07-23,0.015592551661706098
2024-07-30,0.015634093724946896
2024-08-06,0.016756628794559632
2024-08-13,0.01617996009343629
2024-08-20,0.016371336774078527
2024-08-27,0.016902203801245567
2024-09-04,0.01678476715797579
2024-09-11,0.016621918316818113
2024-09-18,0.016608712996970924
2024-09-25,0.016468852913591143
2024-10-02,0.01652027017778118
2024-10-09,0.016604356940984763
2024-10-16,0.017520728091944347
2024-10-23,0.016607838392900663
2024-10-30,0.01677322572750219
2024-11-06,0.016273968621555824
2024-11-13,0.016132394668228408
2024-11-20,0.015931881116345883
2024-11-27,0.01628662938845166
2024-12-05,0.015970833352321537
2024-12-12,0.016125483092350245
2024-12-19,0.015779424190111357
